<?xml version="1.0" encoding="UTF-8"?>
<!DOCTYPE discografica [
    <!ELEMENT discografica (disco+)>
    <!ELEMENT disco (titulo, interpretes+, numeroPistas+)>
    <!ELEMENT titulo (#PCDATA)>
    <!ELEMENT interpretes (nombre, apellidos, rol)>
    <!ELEMENT nombre (#PCDATA)>
    <!ELEMENT apellidos (#PCDATA)>
    <!ELEMENT rol (#PCDATA)>
    <!ELEMENT numeroPistas (nombrePistas, duracion)>
    <!ELEMENT nombrePistas (#PCDATA)>
    <!ELEMENT duracion (#PCDATA)>
]>
<discografica>
    <disco>
        <titulo>Lágrimas desordenadas</titulo>
        <interpretes>
            <nombre>Ramón</nombre>
            <apellidos>Melendi Espina</apellidos>
            <rol>cantante</rol>
        </interpretes>
        <numeroPistas>
            <nombrePistas>Tu jardín con enanitos</nombrePistas>
            <duracion>4 minutos</duracion>
        </numeroPistas>
    </disco>
</discografica>