<?xml version="1.0" encoding="UTF-8"?>
<!DOCTYPE discografica SYSTEM "Ejercicio5.dtd">
<discografica>
    <disco>
        <titulo>Lágrimas desordenadas</titulo>
        <interpretes>
            <nombre>Ramón</nombre>
            <apellidos>Melendi Espina</apellidos>
            <rol>cantante</rol>
        </interpretes>
        <numeroPistas>
            <nombrePistas>Tu jardín con enanitos</nombrePistas>
            <duracion>4 minutos</duracion>
        </numeroPistas>
    </disco>
</discografica>